{"1": [0.6305972703561412, 0.3286366416882974], "3": [0.014010499176802247, 0.2490018331331774], "7": [0.3971466129159523, 0.42743929758647414], "8": [0.8199421846554736, 0.009081803775738473], "10": [0.6634605685586541, -0.1739156100322484], "12": [0.23906690113819462, 0.6720557929910591], "30": [0.6774075883074191, 0.7006833606202253], "2": [-0.6772926990289208, 0.23622475466779658], "17": [-0.8179910761613461, -0.17012296189665105], "4": [-0.32626827836343747, -0.1435278449917242], "21": [-0.8934421914740772, 0.25843952579469126], "22": [-0.6276988954712487, 0.5339946420674591], "31": [-0.31936617371182435, 0.5990407461782881], "28": [-0.4485290140246511, -0.3731656664547502], "5": [0.027044033942166076, -0.10171711454400614], "32": [-0.17053752140860579, 0.7519806987853778], "6": [0.2900233203953546, -0.24492314238071988], "13": [-0.2834273048916633, 0.1464170424227913], "15": [0.17545721642173026, 0.115740908393269], "20": [-0.27254639926168733, 0.4367876711610502], "27": [0.3446289063595875, 0.1439082446435508], "16": [-0.28043281344890103, -0.7169582473069176], "11": [-0.16758642828357018, -0.32656388908137984], "14": [-0.6884746739188293, -0.025005251847137144], "9": [0.5657196574819935, 0.1308239642824744], "19": [0.0071859219768743345, -0.5893802044278099], "23": [0.2921829910186746, -0.7492015085590641], "18": [0.7165133969254264, -0.3604644559037413], "29": [0.45789546623239813, -0.6341263417756873], "24": [-0.6154369361781642, -0.5848356261221843], "26": [0.2890863268156957, 0.5086509371323019], "25": [-0.118338457051612, -1.0]}