{"10": [-0.05172201662327902, 0.2024645153650008], "3": [0.041993300161408946, -0.20561007491105068], "22": [0.6532025977793297, 0.6860687598450006], "20": [0.2532384782674255, 0.6265443971063502], "15": [-0.13759251796096403, 0.9467117656308203], "14": [0.6217649583926247, -0.41536328733301126], "7": [-0.11888679542536267, -0.45651730997130185], "19": [-0.06676593743054361, -0.9047696018509858], "11": [0.12830557790430128, 0.37918931648584875], "5": [-0.9555002213051336, 0.3607782463721963], "8": [-1.0, 0.8235509031402443], "17": [0.24848614281851605, 0.008349402457667455], "13": [0.3002696019902442, -0.5294478362763037], "9": [-0.5566577356837765, 0.7361661006422396], "21": [0.18031069959692297, -0.7178958599292983], "2": [0.3561916206472051, -0.17649857454856877], "6": [-0.41445132186248984, -0.8318091119345943], "12": [0.47694672096701957, 0.2564846120266817], "16": [-0.5125205576604002, 0.24940409094892194], "1": [-0.480431452653595, -0.2257497881584243], "4": [-0.2680341896476183, -0.03251035462167003], "18": [0.6152045700128088, -0.6911976149021728], "23": [0.7366484777153554, -0.0383426955835902]}